Sample in Buffer,Sample in Window,TRIGGER,pcie/design_1_i/myip_0_slv_reg0[31:0],pcie/design_1_i/myip_0_slv_reg1[31:0],pcie/design_1_i/to_slv_reg2_0_1[31:0],pcie/design_1_i/to_slv_reg3_0_1[31:0],pcie/design_1_i/probe4_0_1[31:0]
Radix - UNSIGNED,UNSIGNED,UNSIGNED,HEX,HEX,HEX,HEX,HEX
0,0,0,00010009,00000000,00000000,00000150,00010001
1,1,1,00010009,00000001,00000000,00000350,00010001
2,2,0,00010009,00000001,00000000,00000150,00010001
3,3,0,00010009,00000001,00000000,00000150,00010001
4,4,0,00010009,00000001,00000000,00000150,00010001
5,5,0,00010009,00000001,00000000,00000150,00010001
6,6,0,00010009,00000001,00000000,00000150,00010001
7,7,0,00010009,00000001,00000000,00000150,00010001
8,8,0,00010009,00000001,00000000,00000150,00010001
9,9,0,00010009,00000001,00000000,00000150,00010001
10,10,0,00010009,00000001,00000000,00000150,00010001
11,11,0,00010009,00000001,00000000,00000150,00010001
12,12,0,00010009,00000001,00000000,00000150,00010001
13,13,0,00010009,00000001,00000000,00000150,00010001
14,14,0,00010009,00000001,00000000,00000150,00010001
15,15,0,00010009,00000001,00000000,00000150,00010001
16,16,0,00010009,00000001,00000000,00000150,00010001
17,17,0,00010009,00000001,00000000,00000150,00010001
18,18,0,00010009,00000001,00000000,00000150,00010001
19,19,0,00010009,00000001,00000000,00000150,00010001
20,20,0,00010009,00000001,00000000,00000150,00010001
21,21,0,00010009,00000001,00000000,00000150,00010001
22,22,0,00010009,00000001,00000000,00000150,00010001
23,23,0,00010009,00000001,00000000,00000150,00010001
24,24,0,00010009,00000001,00000000,00000150,00010001
25,25,0,00010009,00000001,00000000,00000150,00010001
26,26,0,00010009,00000001,00000000,00000150,00010001
27,27,0,00010009,00000001,00000000,00000150,00010001
28,28,0,00010009,00000001,00000000,00000150,00010001
29,29,0,00010009,00000001,00000000,00000150,00010001
30,30,0,00010009,00000001,00000000,00000150,00010001
31,31,0,00010009,00000001,00000000,00000150,00010001
32,32,0,00010009,00000001,00000000,00000150,00010001
33,33,0,00010009,00000001,00000000,00000150,00010001
34,34,0,00010009,00000001,00000000,00000150,00010001
35,35,0,00010009,00000001,00000000,00000150,00010001
36,36,0,00010009,00000001,00000000,00000150,00010001
37,37,0,00010009,00000001,00000000,00000150,00010001
38,38,0,00010009,00000001,00000000,00000150,00010001
39,39,0,00010009,00000001,00000000,00000150,00010001
40,40,0,00010009,00000001,00000000,00000150,00010001
41,41,0,00010009,00000001,00000000,00000150,00010001
42,42,0,00010009,00000001,00000000,00000150,00010001
43,43,0,00010009,00000001,00000000,00000150,00010001
44,44,0,00010009,00000001,00000000,00000150,00010001
45,45,0,00010009,00000001,00000000,00000150,00010001
46,46,0,00010009,00000001,00000000,00000150,00010001
47,47,0,00010009,00000001,00000000,00000150,00010001
48,48,0,00010009,00000001,00000000,00000150,00010001
49,49,0,00010009,00000001,00000000,00000150,00010001
50,50,0,00010009,00000001,00000000,00000150,00010001
51,51,0,00010009,00000001,00000000,00000150,00010001
52,52,0,00010009,00000001,00000000,00000150,00010001
53,53,0,00010009,00000001,00000000,00000150,00010001
54,54,0,00010009,00000001,00000000,00000150,00010001
55,55,0,00010009,00000001,00000000,00000150,00010001
56,56,0,00010009,00000001,00000000,00000150,00010001
57,57,0,00010009,00000001,00000000,00000150,00010001
58,58,0,00010009,00000001,00000000,00000150,00010001
59,59,0,00010009,00000001,00000000,00000150,00010001
60,60,0,00010009,00000001,00000000,00000150,00010001
61,61,0,00010009,00000001,00000000,00000150,00010001
62,62,0,00010009,00000001,00000000,00000150,00010001
63,63,0,00010009,00000001,00000000,00000150,00010001
64,64,0,00010009,00000001,00000000,00000150,00010001
65,65,0,00010009,00000001,00000000,00000150,00010001
66,66,0,00010009,00000001,00000000,00000150,00010001
67,67,0,00010009,00000001,00000000,00000150,00010001
68,68,0,00010009,00000001,00000000,00000150,00010001
69,69,0,00010009,00000001,00000000,00000150,00010001
70,70,0,00010009,00000001,00000000,00000150,00010001
71,71,0,00010009,00000001,00000000,00000150,00010001
72,72,0,00010009,00000001,00000000,00000150,00010001
73,73,0,00010009,00000001,00000000,00000150,00010001
74,74,0,00010009,00000001,00000000,00000150,00010001
75,75,0,00010009,00000001,00000000,00000150,00010001
76,76,0,00010009,00000001,00000000,00000150,00010001
77,77,0,00010009,00000001,00000000,00000150,00010001
78,78,0,00010009,00000001,00000000,00000150,00010001
79,79,0,00010009,00000001,00000000,00000150,00010001
80,80,0,00010009,00000001,00000000,00000150,00010001
81,81,0,00010009,00000001,00000000,00000150,00010001
82,82,0,00010009,00000001,00000000,00000150,00010001
83,83,0,00010009,00000001,00000000,00000150,00010001
84,84,0,00010009,00000001,00000000,00000150,00010001
85,85,0,00010009,00000001,00000000,00000150,00010001
86,86,0,00010009,00000001,00000000,00000150,00010001
87,87,0,00010009,00000001,00000000,00000150,00010001
88,88,0,00010009,00000001,00000000,00000150,00010001
89,89,0,00010009,00000001,00000000,00000150,00010001
90,90,0,00010009,00000001,00000000,00000150,00010001
91,91,0,00010009,00000001,00000000,00000150,00010001
92,92,0,00010009,00000001,00000000,00000150,00010001
93,93,0,00010009,00000001,00000000,00000150,00010001
94,94,0,00010009,00000001,00000000,00000150,00010001
95,95,0,00010009,00000001,00000000,00000150,00010001
96,96,0,00010009,00000001,00000000,00000150,00010001
97,97,0,00010009,00000001,00000000,00000150,00010001
98,98,0,00010009,00000001,00000000,00000150,00010001
99,99,0,00010009,00000001,00000000,00000150,00010001
100,100,0,00010009,00000001,00000000,00000150,00010001
101,101,0,00010009,00000001,00000000,00000150,00010001
102,102,0,00010009,00000001,00000000,00000150,00010001
103,103,0,00010009,00000001,00000000,00000150,00010001
104,104,0,00010009,00000001,00000000,00000150,00010001
105,105,0,00010009,00000001,00000000,00000150,00010001
106,106,0,00010009,00000001,00000000,00000150,00010001
107,107,0,00010009,00000001,00000000,00000150,00010001
108,108,0,00010009,00000001,00000000,00000150,00010001
109,109,0,00010009,00000001,00000000,00000150,00010001
110,110,0,00010009,00000001,00000000,00000150,00010001
111,111,0,00010009,00000001,00000000,00000150,00010001
112,112,0,00010009,00000001,00000000,00000150,00010001
113,113,0,00010009,00000001,00000000,00000150,00010001
114,114,0,00010009,00000001,00000000,00000150,00010001
115,115,0,00010009,00000001,00000000,00000150,00010001
116,116,0,00010009,00000001,00000000,00000150,00010001
117,117,0,00010009,00000001,00000000,00000150,00010001
118,118,0,00010009,00000001,00000000,00000150,00010001
119,119,0,00010009,00000001,00000000,00000150,00010001
120,120,0,00010009,00000001,00000000,00000150,00010001
121,121,0,00010009,00000001,00000000,00000150,00010001
122,122,0,00010009,00000001,00000000,00000150,00010001
123,123,0,00010009,00000001,00000000,00000150,00010001
124,124,0,00010009,00000001,00000000,00000150,00010001
125,125,0,00010009,00000001,00000000,00000150,00010001
126,126,0,00010009,00000001,00000000,00000150,00010001
127,127,0,00010009,00000001,00000000,00000150,00010001
128,128,0,00010009,00000001,00000000,00000150,00010001
129,129,0,00010009,00000001,00000000,00000150,00010001
130,130,0,00010009,00000001,00000000,00000150,00010001
131,131,0,00010009,00000001,00000000,00000150,00010001
132,132,0,00010009,00000001,00000000,00000150,00010001
133,133,0,00010009,00000001,00000000,00000150,00010001
134,134,0,00010009,00000001,00000000,00000150,00010001
135,135,0,00010009,00000001,00000000,00000150,00010001
136,136,0,00010009,00000001,00000000,00000150,00010001
137,137,0,00010009,00000001,00000000,00000150,00010001
138,138,0,00010009,00000001,00000000,00000150,00010001
139,139,0,00010009,00000001,00000000,00000150,00010001
140,140,0,00010009,00000001,00000000,00000150,00010001
141,141,0,00010009,00000001,00000000,00000150,00010001
142,142,0,00010009,00000001,00000000,00000150,00010001
143,143,0,00010009,00000001,00000000,00000150,00010001
144,144,0,00010009,00000001,00000000,00000150,00010001
145,145,0,00010009,00000001,00000000,00000150,00010001
146,146,0,00010009,00000001,00000000,00000150,00010001
147,147,0,00010009,00000001,00000000,00000150,00010001
148,148,0,00010009,00000001,00000000,00000150,00010001
149,149,0,00010009,00000001,00000000,00000150,00010001
150,150,0,00010009,00000001,00000000,00000150,00010001
151,151,0,00010009,00000001,00000000,00000150,00010001
152,152,0,00010009,00000001,00000000,00000150,00010001
153,153,0,00010009,00000001,00000000,00000150,00010001
154,154,0,00010009,00000001,00000000,00000150,00010001
155,155,0,00010009,00000001,00000000,00000150,00010001
156,156,0,00010009,00000001,00000000,00000150,00010001
157,157,0,00010009,00000001,00000000,00000150,00010001
158,158,0,00010009,00000001,00000000,00000150,00010001
159,159,0,00010009,00000001,00000000,00000150,00010001
160,160,0,00010009,00000001,00000000,00000150,00010001
161,161,0,00010009,00000001,00000000,00000150,00010001
162,162,0,00010009,00000001,00000000,00000150,00010001
163,163,0,00010009,00000001,00000000,00000150,00010001
164,164,0,00010009,00000001,00000000,00000150,00010001
165,165,0,00010009,00000001,00000000,00000150,00010001
166,166,0,00010009,00000001,00000000,00000150,00010001
167,167,0,00010009,00000001,00000000,00000150,00010001
168,168,0,00010009,00000001,00000000,00000150,00010001
169,169,0,00010009,00000001,00000000,00000150,00010001
170,170,0,00010009,00000001,00000000,00000150,00010001
171,171,0,00010009,00000001,00000000,00000150,00010001
172,172,0,00010009,00000001,00000000,00000150,00010001
173,173,0,00010009,00000001,00000000,00000150,00010001
174,174,0,00010009,00000001,00000000,00000150,00010001
175,175,0,00010009,00000001,00000000,00000150,00010001
176,176,0,00010009,00000001,00000000,00000150,00010001
177,177,0,00010009,00000001,00000000,00000150,00010001
178,178,0,00010009,00000001,00000000,00000150,00010001
179,179,0,00010009,00000001,00000000,00000150,00010001
180,180,0,00010009,00000001,00000000,00000150,00010001
181,181,0,00010009,00000001,00000000,00000150,00010001
182,182,0,00010009,00000001,00000000,00000150,00010001
183,183,0,00010009,00000001,00000000,00000150,00010001
184,184,0,00010009,00000001,00000000,00000150,00010001
185,185,0,00010009,00000001,00000000,00000150,00010001
186,186,0,00010009,00000001,00000000,00000150,00010001
187,187,0,00010009,00000001,00000000,00000150,00010001
188,188,0,00010009,00000001,00000000,00000150,00010001
189,189,0,00010009,00000001,00000000,00000150,00010001
190,190,0,00010009,00000001,00000000,00000150,00010001
191,191,0,00010009,00000001,00000000,00000150,00010001
192,192,0,00010009,00000001,00000000,00000150,00010001
193,193,0,00010009,00000001,00000000,00000150,00010001
194,194,0,00010009,00000001,00000000,00000150,00010001
195,195,0,00010009,00000001,00000000,00000150,00010001
196,196,0,00010009,00000001,00000000,00000150,00010001
197,197,0,00010009,00000001,00000000,00000150,00010001
198,198,0,00010009,00000001,00000000,00000150,00010001
199,199,0,00010009,00000001,00000000,00000150,00010001
200,200,0,00010009,00000001,00000000,00000150,00010001
201,201,0,00010009,00000001,00000000,00000150,00010001
202,202,0,00010009,00000001,00000000,00000150,00010001
203,203,0,00010009,00000001,00000000,00000150,00010001
204,204,0,00010009,00000001,00000000,00000150,00010001
205,205,0,00010009,00000001,00000000,00000150,00010001
206,206,0,00010009,00000001,00000000,00000150,00010001
207,207,0,00010009,00000001,00000000,00000150,00010001
208,208,0,00010009,00000001,00000000,00000150,00010001
209,209,0,00010009,00000001,00000000,00000150,00010001
210,210,0,00010009,00000001,00000000,00000150,00010001
211,211,0,00010009,00000001,00000000,00000150,00010001
212,212,0,00010009,00000001,00000000,00000150,00010001
213,213,0,00010009,00000001,00000000,00000150,00010001
214,214,0,00010009,00000001,00000000,00000150,00010001
215,215,0,00010009,00000001,00000000,00000150,00010001
216,216,0,00010009,00000001,00000000,00000150,00010001
217,217,0,00010009,00000001,00000000,00000150,00010001
218,218,0,00010009,00000001,00000000,00000150,00010001
219,219,0,00010009,00000001,00000000,00000150,00010001
220,220,0,00010009,00000001,00000000,00000150,00010001
221,221,0,00010009,00000001,00000000,00000150,00010001
222,222,0,00010009,00000001,00000000,00000150,00010001
223,223,0,00010009,00000001,00000000,00000150,00010001
224,224,0,00010009,00000001,00000000,00000150,00010001
225,225,0,00010009,00000001,00000000,00000150,00010001
226,226,0,00010009,00000001,00000000,00000150,00010001
227,227,0,00010009,00000001,00000000,00000150,00010001
228,228,0,00010009,00000001,00000000,00000150,00010001
229,229,0,00010009,00000001,00000000,00000150,00010001
230,230,0,00010009,00000001,00000000,00000150,00010001
231,231,0,00010009,00000001,00000000,00000150,00010001
232,232,0,00010009,00000001,00000000,00000150,00010001
233,233,0,00010009,00000001,00000000,00000150,00010001
234,234,0,00010009,00000001,00000000,00000150,00010001
235,235,0,00010009,00000001,00000000,00000150,00010001
236,236,0,00010009,00000001,00000000,00000150,00010001
237,237,0,00010009,00000001,00000000,00000150,00010001
238,238,0,00010009,00000001,00000000,00000150,00010001
239,239,0,00010009,00000001,00000000,00000150,00010001
240,240,0,00010009,00000001,00000000,00000150,00010001
241,241,0,00010009,00000001,00000000,00000150,00010001
242,242,0,00010009,00000001,00000000,00000150,00010001
243,243,0,00010009,00000001,00000000,00000150,00010001
244,244,0,00010009,00000001,00000000,00000150,00010001
245,245,0,00010009,00000001,00000000,00000150,00010001
246,246,0,00010009,00000001,00000000,00000150,00010001
247,247,0,00010009,00000001,00000000,00000150,00010001
248,248,0,00010009,00000001,00000000,00000150,00010001
249,249,0,00010009,00000001,00000000,00000150,00010001
250,250,0,00010009,00000001,00000000,00000150,00010001
251,251,0,00010009,00000001,00000000,00000150,00010001
252,252,0,00010009,00000001,00000000,00000150,00010001
253,253,0,00010009,00000001,00000000,00000150,00010001
254,254,0,00010009,00000001,00000000,00000150,00010001
255,255,0,00010009,00000001,00000000,00000150,00010001
256,256,0,00010009,00000001,00000000,00000150,00010001
257,257,0,00010009,00000001,00000000,00000150,00010001
258,258,0,00010009,00000001,00000000,00000150,00010001
259,259,0,00010009,00000001,00000000,00000150,00010001
260,260,0,00010009,00000001,00000000,00000150,00010001
261,261,0,00010009,00000001,00000000,00000150,00010001
262,262,0,00010009,00000001,00000000,00000150,00010001
263,263,0,00010009,00000001,00000000,00000150,00010001
264,264,0,00010009,00000001,00000000,00000150,00010001
265,265,0,00010009,00000001,00000000,00000150,00010001
266,266,0,00010009,00000001,00000000,00000150,00010001
267,267,0,00010009,00000001,00000000,00000150,00010001
268,268,0,00010009,00000001,00000000,00000150,00010001
269,269,0,00010009,00000001,00000000,00000150,00010001
270,270,0,00010009,00000001,00000000,00000150,00010001
271,271,0,00010009,00000001,00000000,00000150,00010001
272,272,0,00010009,00000001,00000000,00000150,00010001
273,273,0,00010009,00000001,00000000,00000150,00010001
274,274,0,00010009,00000001,00000000,00000150,00010001
275,275,0,00010009,00000001,00000000,00000150,00010001
276,276,0,00010009,00000001,00000000,00000150,00010001
277,277,0,00010009,00000001,00000000,00000150,00010001
278,278,0,00010009,00000001,00000000,00000150,00010001
279,279,0,00010009,00000001,00000000,00000150,00010001
280,280,0,00010009,00000001,00000000,00000150,00010001
281,281,0,00010009,00000001,00000000,00000150,00010001
282,282,0,00010009,00000001,00000000,00000150,00010001
283,283,0,00010009,00000001,00000000,00000150,00010001
284,284,0,00010009,00000001,00000000,00000150,00010001
285,285,0,00010009,00000001,00000000,00000150,00010001
286,286,0,00010009,00000001,00000000,00000150,00010001
287,287,0,00010009,00000001,00000000,00000150,00010001
288,288,0,00010009,00000001,00000000,00000150,00010001
289,289,0,00010009,00000001,00000000,00000150,00010001
290,290,0,00010009,00000001,00000000,00000150,00010001
291,291,0,00010009,00000001,00000000,00000150,00010001
292,292,0,00010009,00000001,00000000,00000150,00010001
293,293,0,00010009,00000001,00000000,00000150,00010001
294,294,0,00010009,00000001,00000000,00000150,00010001
295,295,0,00010009,00000001,00000000,00000150,00010001
296,296,0,00010009,00000001,00000000,00000150,00010001
297,297,0,00010009,00000001,00000000,00000150,00010001
298,298,0,00010009,00000001,00000000,00000150,00010001
299,299,0,00010009,00000001,00000000,00000150,00010001
300,300,0,00010009,00000001,00000000,00000150,00010001
301,301,0,00010009,00000001,00000000,00000150,00010001
302,302,0,00010009,00000001,00000000,00000150,00010001
303,303,0,00010009,00000001,00000000,00000150,00010001
304,304,0,00010009,00000001,00000000,00000150,00010001
305,305,0,00010009,00000001,00000000,00000150,00010001
306,306,0,00010009,00000001,00000000,00000150,00010001
307,307,0,00010009,00000001,00000000,00000150,00010001
308,308,0,00010009,00000001,00000000,00000150,00010001
309,309,0,00010009,00000001,00000000,00000150,00010001
310,310,0,00010009,00000001,00000000,00000150,00010001
311,311,0,00010009,00000001,00000000,00000150,00010001
312,312,0,00010009,00000001,00000000,00000150,00010001
313,313,0,00010009,00000001,00000000,00000150,00010001
314,314,0,00010009,00000001,00000000,00000150,00010001
315,315,0,00010009,00000001,00000000,00000150,00010001
316,316,0,00010009,00000001,00000000,00000150,00010001
317,317,0,00010009,00000001,00000000,00000150,00010001
318,318,0,00010009,00000001,00000000,00000150,00010001
319,319,0,00010009,00000001,00000000,00000150,00010001
320,320,0,00010009,00000001,00000000,00000150,00010001
321,321,0,00010009,00000001,00000000,00000150,00010001
322,322,0,00010009,00000001,00000000,00000150,00010001
323,323,0,00010009,00000001,00000000,00000150,00010001
324,324,0,00010009,00000001,00000000,00000150,00010001
325,325,0,00010009,00000001,00000000,00000150,00010001
326,326,0,00010009,00000001,00000000,00000150,00010001
327,327,0,00010009,00000001,00000000,00000150,00010001
328,328,0,00010009,00000001,00000000,00000150,00010001
329,329,0,00010009,00000001,00000000,00000150,00010001
330,330,0,00010009,00000001,00000000,00000150,00010001
331,331,0,00010009,00000001,00000000,00000150,00010001
332,332,0,00010009,00000001,00000000,00000150,00010001
333,333,0,00010009,00000001,00000000,00000150,00010001
334,334,0,00010009,00000001,00000000,00000150,00010001
335,335,0,00010009,00000001,00000000,00000150,00010001
336,336,0,00010009,00000001,00000000,00000150,00010001
337,337,0,00010009,00000001,00000000,00000150,00010001
338,338,0,00010009,00000001,00000000,00000150,00010001
339,339,0,00010009,00000001,00000000,00000150,00010001
340,340,0,00010009,00000001,00000000,00000150,00010001
341,341,0,00010009,00000001,00000000,00000150,00010001
342,342,0,00010009,00000001,00000000,00000150,00010001
343,343,0,00010009,00000001,00000000,00000150,00010001
344,344,0,00010009,00000001,00000000,00000150,00010001
345,345,0,00010009,00000001,00000000,00000150,00010001
346,346,0,00010009,00000001,00000000,00000150,00010001
347,347,0,00010009,00000001,00000000,00000150,00010001
348,348,0,00010009,00000001,00000000,00000150,00010001
349,349,0,00010009,00000001,00000000,00000150,00010001
350,350,0,00010009,00000001,00000000,00000150,00010001
351,351,0,00010009,00000001,00000000,00000150,00010001
352,352,0,00010009,00000001,00000000,00000150,00010001
353,353,0,00010009,00000001,00000000,00000150,00010001
354,354,0,00010009,00000001,00000000,00000150,00010001
355,355,0,00010009,00000001,00000000,00000150,00010001
356,356,0,00010009,00000001,00000000,00000150,00010001
357,357,0,00010009,00000001,00000000,00000150,00010001
358,358,0,00010009,00000001,00000000,00000150,00010001
359,359,0,00010009,00000001,00000000,00000150,00010001
360,360,0,00010009,00000001,00000000,00000150,00010001
361,361,0,00010009,00000001,00000000,00000150,00010001
362,362,0,00010009,00000001,00000000,00000150,00010001
363,363,0,00010009,00000001,00000000,00000150,00010001
364,364,0,00010009,00000001,00000000,00000150,00010001
365,365,0,00010009,00000001,00000000,00000150,00010001
366,366,0,00010009,00000001,00000000,00000150,00010001
367,367,0,00010009,00000001,00000000,00000150,00010001
368,368,0,00010009,00000001,00000000,00000150,00010001
369,369,0,00010009,00000001,00000000,00000150,00010001
370,370,0,00010009,00000001,00000000,00000150,00010001
371,371,0,00010009,00000001,00000000,00000150,00010001
372,372,0,00010009,00000001,00000000,00000150,00010001
373,373,0,00010009,00000001,00000000,00000150,00010001
374,374,0,00010009,00000001,00000000,00000150,00010001
375,375,0,00010009,00000001,00000000,00000150,00010001
376,376,0,00010009,00000001,00000000,00000150,00010001
377,377,0,00010009,00000001,00000000,00000150,00010001
378,378,0,00010009,00000001,00000000,00000150,00010001
379,379,0,00010009,00000001,00000000,00000150,00010001
380,380,0,00010009,00000001,00000000,00000150,00010001
381,381,0,00010009,00000001,00000000,00000150,00010001
382,382,0,00010009,00000001,00000000,00000150,00010001
383,383,0,00010009,00000001,00000000,00000150,00010001
384,384,0,00010009,00000001,00000000,00000150,00010001
385,385,0,00010009,00000001,00000000,00000150,00010001
386,386,0,00010009,00000001,00000000,00000150,00010001
387,387,0,00010009,00000001,00000000,00000150,00010001
388,388,0,00010009,00000001,00000000,00000150,00010001
389,389,0,00010009,00000001,00000000,00000150,00010001
390,390,0,00010009,00000001,00000000,00000150,00010001
391,391,0,00010009,00000001,00000000,00000150,00010001
392,392,0,00010009,00000001,00000000,00000150,00010001
393,393,0,00010009,00000001,00000000,00000150,00010001
394,394,0,00010009,00000001,00000000,00000150,00010001
395,395,0,00010009,00000001,00000000,00000150,00010001
396,396,0,00010009,00000001,00000000,00000150,00010001
397,397,0,00010009,00000001,00000000,00000150,00010001
398,398,0,00010009,00000001,00000000,00000150,00010001
399,399,0,00010009,00000001,00000000,00000150,00010001
400,400,0,00010009,00000001,00000000,00000150,00010001
401,401,0,00010009,00000001,00000000,00000150,00010001
402,402,0,00010009,00000001,00000000,00000150,00010001
403,403,0,00010009,00000001,00000000,00000150,00010001
404,404,0,00010009,00000001,00000000,00000150,00010001
405,405,0,00010009,00000001,00000000,00000150,00010001
406,406,0,00010009,00000001,00000000,00000150,00010001
407,407,0,00010009,00000001,00000000,00000150,00010001
408,408,0,00010009,00000001,00000000,00000150,00010001
409,409,0,00010009,00000001,00000000,00000150,00010001
410,410,0,00010009,00000001,00000000,00000150,00010001
411,411,0,00010009,00000001,00000000,00000150,00010001
412,412,0,00010009,00000001,00000000,00000150,00010001
413,413,0,00010009,00000001,00000000,00000150,00010001
414,414,0,00010009,00000001,00000000,00000150,00010001
415,415,0,00010009,00000001,00000000,00000150,00010001
416,416,0,00010009,00000001,00000000,00000150,00010001
417,417,0,00010009,00000001,00000000,00000150,00010001
418,418,0,00010009,00000001,00000000,00000150,00010001
419,419,0,00010009,00000001,00000000,00000150,00010001
420,420,0,00010009,00000001,00000000,00000150,00010001
421,421,0,00010009,00000001,00000000,00000150,00010001
422,422,0,00010009,00000001,00000000,00000150,00010001
423,423,0,00010009,00000001,00000000,00000150,00010001
424,424,0,00010009,00000001,00000000,00000150,00010001
425,425,0,00010009,00000001,00000000,00000150,00010001
426,426,0,00010009,00000001,00000000,00000150,00010001
427,427,0,00010009,00000001,00000000,00000150,00010001
428,428,0,00010009,00000001,00000000,00000150,00010001
429,429,0,00010009,00000001,00000000,00000150,00010001
430,430,0,00010009,00000001,00000000,00000150,00010001
431,431,0,00010009,00000001,00000000,00000150,00010001
432,432,0,00010009,00000001,00000000,00000150,00010001
433,433,0,00010009,00000001,00000000,00000150,00010001
434,434,0,00010009,00000001,00000000,00000150,00010001
435,435,0,00010009,00000001,00000000,00000150,00010001
436,436,0,00010009,00000001,00000000,00000150,00010001
437,437,0,00010009,00000001,00000000,00000150,00010001
438,438,0,00010009,00000001,00000000,00000150,00010001
439,439,0,00010009,00000001,00000000,00000150,00010001
440,440,0,00010009,00000001,00000000,00000150,00010001
441,441,0,00010009,00000001,00000000,00000150,00010001
442,442,0,00010009,00000001,00000000,00000150,00010001
443,443,0,00010009,00000001,00000000,00000150,00010001
444,444,0,00010009,00000001,00000000,00000150,00010001
445,445,0,00010009,00000001,00000000,00000150,00010001
446,446,0,00010009,00000001,00000000,00000150,00010001
447,447,0,00010009,00000001,00000000,00000150,00010001
448,448,0,00010009,00000001,00000000,00000150,00010001
449,449,0,00010009,00000001,00000000,00000150,00010001
450,450,0,00010009,00000001,00000000,00000150,00010001
451,451,0,00010009,00000001,00000000,00000150,00010001
452,452,0,00010009,00000001,00000000,00000150,00010001
453,453,0,00010009,00000001,00000000,00000150,00010001
454,454,0,00010009,00000001,00000000,00000150,00010001
455,455,0,00010009,00000001,00000000,00000150,00010001
456,456,0,00010009,00000001,00000000,00000150,00010001
457,457,0,00010009,00000001,00000000,00000150,00010001
458,458,0,00010009,00000001,00000000,00000150,00010001
459,459,0,00010009,00000001,00000000,00000150,00010001
460,460,0,00010009,00000001,00000000,00000150,00010001
461,461,0,00010009,00000001,00000000,00000150,00010001
462,462,0,00010009,00000001,00000000,00000150,00010001
463,463,0,00010009,00000001,00000000,00000150,00010001
464,464,0,00010009,00000001,00000000,00000150,00010001
465,465,0,00010009,00000001,00000000,00000150,00010001
466,466,0,00010009,00000001,00000000,00000150,00010001
467,467,0,00010009,00000001,00000000,00000150,00010001
468,468,0,00010009,00000001,00000000,00000150,00010001
469,469,0,00010009,00000001,00000000,00000150,00010001
470,470,0,00010009,00000001,00000000,00000150,00010001
471,471,0,00010009,00000001,00000000,00000150,00010001
472,472,0,00010009,00000001,00000000,00000150,00010001
473,473,0,00010009,00000001,00000000,00000150,00010001
474,474,0,00010009,00000001,00000000,00000150,00010001
475,475,0,00010009,00000001,00000000,00000150,00010001
476,476,0,00010009,00000001,00000000,00000150,00010001
477,477,0,00010009,00000001,00000000,00000150,00010001
478,478,0,00010009,00000001,00000000,00000150,00010001
479,479,0,00010009,00000001,00000000,00000150,00010001
480,480,0,00010009,00000001,00000000,00000150,00010001
481,481,0,00010009,00000001,00000000,00000150,00010001
482,482,0,00010009,00000001,00000000,00000150,00010001
483,483,0,00010009,00000001,00000000,00000150,00010001
484,484,0,00010009,00000001,00000000,00000150,00010001
485,485,0,00010009,00000001,00000000,00000150,00010001
486,486,0,00010009,00000001,00000000,00000150,00010001
487,487,0,00010009,00000001,00000000,00000150,00010001
488,488,0,00010009,00000001,00000000,00000150,00010001
489,489,0,00010009,00000001,00000000,00000150,00010001
490,490,0,00010009,00000001,00000000,00000150,00010001
491,491,0,00010009,00000001,00000000,00000150,00010001
492,492,0,00010009,00000001,00000000,00000150,00010001
493,493,0,00010009,00000001,00000000,00000150,00010001
494,494,0,00010009,00000001,00000000,00000150,00010001
495,495,0,00010009,00000001,00000000,00000150,00010001
496,496,0,00010009,00000001,00000000,00000150,00010001
497,497,0,00010009,00000001,00000000,00000150,00010001
498,498,0,00010009,00000001,00000000,00000150,00010001
499,499,0,00010009,00000001,00000000,00000150,00010001
500,500,0,00010009,00000001,00000000,00000150,00010001
501,501,0,00010009,00000001,00000000,00000150,00010001
502,502,0,00010009,00000001,00000000,00000150,00010001
503,503,0,00010009,00000001,00000000,00000150,00010001
504,504,0,00010009,00000001,00000000,00000150,00010001
505,505,0,00010009,00000001,00000000,00000150,00010001
506,506,0,00010009,00000001,00000000,00000150,00010001
507,507,0,00010009,00000001,00000000,00000150,00010001
508,508,0,00010009,00000001,00000000,00000150,00010001
509,509,0,00010009,00000001,00000000,00000150,00010001
510,510,0,00010009,00000001,00000000,00000150,00010001
511,511,0,00010009,00000001,00000000,00000150,00010001
512,512,0,00010009,00000001,00000000,00000150,00010001
513,513,0,00010009,00000001,00000000,00000150,00010001
514,514,0,00010009,00000001,00000000,00000150,00010001
515,515,0,00010009,00000001,00000000,00000150,00010001
516,516,0,00010009,00000001,00000000,00000150,00010001
517,517,0,00010009,00000001,00000000,00000150,00010001
518,518,0,00010009,00000001,00000000,00000150,00010001
519,519,0,00010009,00000001,00000000,00000150,00010001
520,520,0,00010009,00000001,00000000,00000150,00010001
521,521,0,00010009,00000001,00000000,00000150,00010001
522,522,0,00010009,00000001,00000000,00000150,00010001
523,523,0,00010009,00000001,00000000,00000150,00010001
524,524,0,00010009,00000001,00000000,00000150,00010001
525,525,0,00010009,00000001,00000000,00000150,00010001
526,526,0,00010009,00000001,00000000,00000150,00010001
527,527,0,00010009,00000001,00000000,00000150,00010001
528,528,0,00010009,00000001,00000000,00000150,00010001
529,529,0,00010009,00000001,00000000,00000150,00010001
530,530,0,00010009,00000001,00000000,00000150,00010001
531,531,0,00010009,00000001,00000000,00000150,00010001
532,532,0,00010009,00000001,00000000,00000150,00010001
533,533,0,00010009,00000001,00000000,00000150,00010001
534,534,0,00010009,00000001,00000000,00000150,00010001
535,535,0,00010009,00000001,00000000,00000150,00010001
536,536,0,00010009,00000001,00000000,00000150,00010001
537,537,0,00010009,00000001,00000000,00000150,00010001
538,538,0,00010009,00000001,00000000,00000150,00010001
539,539,0,00010009,00000001,00000000,00000150,00010001
540,540,0,00010009,00000001,00000000,00000150,00010001
541,541,0,00010009,00000001,00000000,00000150,00010001
542,542,0,00010009,00000001,00000000,00000150,00010001
543,543,0,00010009,00000001,00000000,00000150,00010001
544,544,0,00010009,00000001,00000000,00000150,00010001
545,545,0,00010009,00000001,00000000,00000150,00010001
546,546,0,00010009,00000001,00000000,00000150,00010001
547,547,0,00010009,00000001,00000000,00000150,00010001
548,548,0,00010009,00000001,00000000,00000150,00010001
549,549,0,00010009,00000001,00000000,00000150,00010001
550,550,0,00010009,00000001,00000000,00000150,00010001
551,551,0,00010009,00000001,00000000,00000150,00010001
552,552,0,00010009,00000001,00000000,00000150,00010001
553,553,0,00010009,00000001,00000000,00000150,00010001
554,554,0,00010009,00000001,00000000,00000150,00010001
555,555,0,00010009,00000001,00000000,00000150,00010001
556,556,0,00010009,00000001,00000000,00000150,00010001
557,557,0,00010009,00000001,00000000,00000150,00010001
558,558,0,00010009,00000001,00000000,00000150,00010001
559,559,0,00010009,00000001,00000000,00000150,00010001
560,560,0,00010009,00000001,00000000,00000150,00010001
561,561,0,00010009,00000001,00000000,00000150,00010001
562,562,0,00010009,00000001,00000000,00000150,00010001
563,563,0,00010009,00000001,00000000,00000150,00010001
564,564,0,00010009,00000001,00000000,00000150,00010001
565,565,0,00010009,00000001,00000000,00000150,00010001
566,566,0,00010009,00000001,00000000,00000150,00010001
567,567,0,00010009,00000001,00000000,00000150,00010001
568,568,0,00010009,00000001,00000000,00000150,00010001
569,569,0,00010009,00000001,00000000,00000150,00010001
570,570,0,00010009,00000001,00000000,00000150,00010001
571,571,0,00010009,00000001,00000000,00000150,00010001
572,572,0,00010009,00000001,00000000,00000150,00010001
573,573,0,00010009,00000001,00000000,00000150,00010001
574,574,0,00010009,00000001,00000000,00000150,00010001
575,575,0,00010009,00000001,00000000,00000150,00010001
576,576,0,00010009,00000001,00000000,00000150,00010001
577,577,0,00010009,00000001,00000000,00000150,00010001
578,578,0,00010009,00000001,00000000,00000150,00010001
579,579,0,00010009,00000001,00000000,00000150,00010001
580,580,0,00010009,00000001,00000000,00000150,00010001
581,581,0,00010009,00000001,00000000,00000150,00010001
582,582,0,00010009,00000001,00000000,00000150,00010001
583,583,0,00010009,00000001,00000000,00000150,00010001
584,584,0,00010009,00000001,00000000,00000150,00010001
585,585,0,00010009,00000001,00000000,00000150,00010001
586,586,0,00010009,00000001,00000000,00000150,00010001
587,587,0,00010009,00000001,00000000,00000150,00010001
588,588,0,00010009,00000001,00000000,00000150,00010001
589,589,0,00010009,00000001,00000000,00000150,00010001
590,590,0,00010009,00000001,00000000,00000150,00010001
591,591,0,00010009,00000001,00000000,00000150,00010001
592,592,0,00010009,00000001,00000000,00000150,00010001
593,593,0,00010009,00000001,00000000,00000150,00010001
594,594,0,00010009,00000001,00000000,00000150,00010001
595,595,0,00010009,00000001,00000000,00000150,00010001
596,596,0,00010009,00000001,00000000,00000150,00010001
597,597,0,00010009,00000001,00000000,00000150,00010001
598,598,0,00010009,00000001,00000000,00000150,00010001
599,599,0,00010009,00000001,00000000,00000150,00010001
600,600,0,00010009,00000001,00000000,00000150,00010001
601,601,0,00010009,00000001,00000000,00000150,00010001
602,602,0,00010009,00000001,00000000,00000150,00010001
603,603,0,00010009,00000001,00000000,00000150,00010001
604,604,0,00010009,00000001,00000000,00000150,00010001
605,605,0,00010009,00000001,00000000,00000150,00010001
606,606,0,00010009,00000001,00000000,00000150,00010001
607,607,0,00010009,00000001,00000000,00000150,00010001
608,608,0,00010009,00000001,00000000,00000150,00010001
609,609,0,00010009,00000001,00000000,00000150,00010001
610,610,0,00010009,00000001,00000000,00000150,00010001
611,611,0,00010009,00000001,00000000,00000150,00010001
612,612,0,00010009,00000001,00000000,00000150,00010001
613,613,0,00010009,00000001,00000000,00000150,00010001
614,614,0,00010009,00000001,00000000,00000150,00010001
615,615,0,00010009,00000001,00000000,00000150,00010001
616,616,0,00010009,00000001,00000000,00000150,00010001
617,617,0,00010009,00000001,00000000,00000150,00010001
618,618,0,00010009,00000001,00000000,00000150,00010001
619,619,0,00010009,00000001,00000000,00000150,00010001
620,620,0,00010009,00000001,00000000,00000150,00010001
621,621,0,00010009,00000001,00000000,00000150,00010001
622,622,0,00010009,00000001,00000000,00000150,00010001
623,623,0,00010009,00000001,00000000,00000150,00010001
624,624,0,00010009,00000001,00000000,00000150,00010001
625,625,0,00010009,00000001,00000000,00000150,00010001
626,626,0,00010009,00000001,00000000,00000150,00010001
627,627,0,00010009,00000001,00000000,00000150,00010001
628,628,0,00010009,00000001,00000000,00000150,00010001
629,629,0,00010009,00000001,00000000,00000150,00010001
630,630,0,00010009,00000001,00000000,00000150,00010001
631,631,0,00010009,00000001,00000000,00000150,00010001
632,632,0,00010009,00000001,00000000,00000150,00010001
633,633,0,00010009,00000001,00000000,00000150,00010001
634,634,0,00010009,00000001,00000000,00000150,00010001
635,635,0,00010009,00000001,00000000,00000150,00010001
636,636,0,00010009,00000001,00000000,00000150,00010001
637,637,0,00010009,00000001,00000000,00000150,00010001
638,638,0,00010009,00000001,00000000,00000150,00010001
639,639,0,00010009,00000001,00000000,00000150,00010001
640,640,0,00010009,00000001,00000000,00000150,00010001
641,641,0,00010009,00000001,00000000,00000150,00010001
642,642,0,00010009,00000001,00000000,00000150,00010001
643,643,0,00010009,00000001,00000000,00000150,00010001
644,644,0,00010009,00000001,00000000,00000150,00010001
645,645,0,00010009,00000001,00000000,00000150,00010001
646,646,0,00010009,00000001,00000000,00000150,00010001
647,647,0,00010009,00000001,00000000,00000150,00010001
648,648,0,00010009,00000001,00000000,00000150,00010001
649,649,0,00010009,00000001,00000000,00000150,00010001
650,650,0,00010009,00000001,00000000,00000150,00010001
651,651,0,00010009,00000001,00000000,00000150,00010001
652,652,0,00010009,00000001,00000000,00000150,00010001
653,653,0,00010009,00000001,00000000,00000150,00010001
654,654,0,00010009,00000001,00000000,00000150,00010001
655,655,0,00010009,00000001,00000000,00000150,00010001
656,656,0,00010009,00000001,00000000,00000150,00010001
657,657,0,00010009,00000001,00000000,00000150,00010001
658,658,0,00010009,00000001,00000000,00000150,00010001
659,659,0,00010009,00000001,00000000,00000150,00010001
660,660,0,00010009,00000001,00000000,00000150,00010001
661,661,0,00010009,00000001,00000000,00000150,00010001
662,662,0,00010009,00000001,00000000,00000150,00010001
663,663,0,00010009,00000001,00000000,00000150,00010001
664,664,0,00010009,00000001,00000000,00000150,00010001
665,665,0,00010009,00000001,00000000,00000150,00010001
666,666,0,00010009,00000001,00000000,00000150,00010001
667,667,0,00010009,00000001,00000000,00000150,00010001
668,668,0,00010009,00000001,00000000,00000150,00010001
669,669,0,00010009,00000001,00000000,00000150,00010001
670,670,0,00010009,00000001,00000000,00000150,00010001
671,671,0,00010009,00000001,00000000,00000150,00010001
672,672,0,00010009,00000001,00000000,00000150,00010001
673,673,0,00010009,00000001,00000000,00000150,00010001
674,674,0,00010009,00000001,00000000,00000150,00010001
675,675,0,00010009,00000001,00000000,00000150,00010001
676,676,0,00010009,00000001,00000000,00000150,00010001
677,677,0,00010009,00000001,00000000,00000150,00010001
678,678,0,00010009,00000001,00000000,00000150,00010001
679,679,0,00010009,00000001,00000000,00000150,00010001
680,680,0,00010009,00000001,00000000,00000150,00010001
681,681,0,00010009,00000001,00000000,00000150,00010001
682,682,0,00010009,00000001,00000000,00000150,00010001
683,683,0,00010009,00000001,00000000,00000150,00010001
684,684,0,00010009,00000001,00000000,00000150,00010001
685,685,0,00010009,00000001,00000000,00000150,00010001
686,686,0,00010009,00000001,00000000,00000150,00010001
687,687,0,00010009,00000001,00000000,00000150,00010001
688,688,0,00010009,00000001,00000000,00000150,00010001
689,689,0,00010009,00000001,00000000,00000150,00010001
690,690,0,00010009,00000001,00000000,00000150,00010001
691,691,0,00010009,00000001,00000000,00000150,00010001
692,692,0,00010009,00000001,00000000,00000150,00010001
693,693,0,00010009,00000001,00000000,00000150,00010001
694,694,0,00010009,00000001,00000000,00000150,00010001
695,695,0,00010009,00000001,00000000,00000150,00010001
696,696,0,00010009,00000001,00000000,00000150,00010001
697,697,0,00010009,00000001,00000000,00000150,00010001
698,698,0,00010009,00000001,00000000,00000150,00010001
699,699,0,00010009,00000001,00000000,00000150,00010001
700,700,0,00010009,00000001,00000000,00000150,00010001
701,701,0,00010009,00000001,00000000,00000150,00010001
702,702,0,00010009,00000001,00000000,00000150,00010001
703,703,0,00010009,00000001,00000000,00000150,00010001
704,704,0,00010009,00000001,00000000,00000150,00010001
705,705,0,00010009,00000001,00000000,00000150,00010001
706,706,0,00010009,00000001,00000000,00000150,00010001
707,707,0,00010009,00000001,00000000,00000150,00010001
708,708,0,00010009,00000001,00000000,00000150,00010001
709,709,0,00010009,00000001,00000000,00000150,00010001
710,710,0,00010009,00000001,00000000,00000150,00010001
711,711,0,00010009,00000001,00000000,00000150,00010001
712,712,0,00010009,00000001,00000000,00000150,00010001
713,713,0,00010009,00000001,00000000,00000150,00010001
714,714,0,00010009,00000001,00000000,00000150,00010001
715,715,0,00010009,00000001,00000000,00000150,00010001
716,716,0,00010009,00000001,00000000,00000150,00010001
717,717,0,00010009,00000001,00000000,00000150,00010001
718,718,0,00010009,00000001,00000000,00000150,00010001
719,719,0,00010009,00000001,00000000,00000150,00010001
720,720,0,00010009,00000001,00000000,00000150,00010001
721,721,0,00010009,00000001,00000000,00000150,00010001
722,722,0,00010009,00000001,00000000,00000150,00010001
723,723,0,00010009,00000001,00000000,00000150,00010001
724,724,0,00010009,00000001,00000000,00000150,00010001
725,725,0,00010009,00000001,00000000,00000150,00010001
726,726,0,00010009,00000001,00000000,00000150,00010001
727,727,0,00010009,00000001,00000000,00000150,00010001
728,728,0,00010009,00000001,00000000,00000150,00010001
729,729,0,00010009,00000001,00000000,00000150,00010001
730,730,0,00010009,00000001,00000000,00000150,00010001
731,731,0,00010009,00000001,00000000,00000150,00010001
732,732,0,00010009,00000001,00000000,00000150,00010001
733,733,0,00010009,00000001,00000000,00000150,00010001
734,734,0,00010009,00000001,00000000,00000150,00010001
735,735,0,00010009,00000001,00000000,00000150,00010001
736,736,0,00010009,00000001,00000000,00000150,00010001
737,737,0,00010009,00000001,00000000,00000150,00010001
738,738,0,00010009,00000001,00000000,00000150,00010001
739,739,0,00010009,00000001,00000000,00000150,00010001
740,740,0,00010009,00000001,00000000,00000150,00010001
741,741,0,00010009,00000001,00000000,00000150,00010001
742,742,0,00010009,00000001,00000000,00000150,00010001
743,743,0,00010009,00000001,00000000,00000150,00010001
744,744,0,00010009,00000001,00000000,00000150,00010001
745,745,0,00010009,00000001,00000000,00000150,00010001
746,746,0,00010009,00000001,00000000,00000150,00010001
747,747,0,00010009,00000001,00000000,00000150,00010001
748,748,0,00010009,00000001,00000000,00000150,00010001
749,749,0,00010009,00000001,00000000,00000150,00010001
750,750,0,00010009,00000001,00000000,00000150,00010001
751,751,0,00010009,00000001,00000000,00000150,00010001
752,752,0,00010009,00000001,00000000,00000150,00010001
753,753,0,00010009,00000001,00000000,00000150,00010001
754,754,0,00010009,00000001,00000000,00000150,00010001
755,755,0,00010009,00000001,00000000,00000150,00010001
756,756,0,00010009,00000001,00000000,00000150,00010001
757,757,0,00010009,00000001,00000000,00000150,00010001
758,758,0,00010009,00000001,00000000,00000150,00010001
759,759,0,00010009,00000001,00000000,00000150,00010001
760,760,0,00010009,00000001,00000000,00000150,00010001
761,761,0,00010009,00000001,00000000,00000150,00010001
762,762,0,00010009,00000001,00000000,00000150,00010001
763,763,0,00010009,00000001,00000000,00000150,00010001
764,764,0,00010009,00000001,00000000,00000150,00010001
765,765,0,00010009,00000001,00000000,00000150,00010001
766,766,0,00010009,00000001,00000000,00000150,00010001
767,767,0,00010009,00000001,00000000,00000150,00010001
768,768,0,00010009,00000001,00000000,00000150,00010001
769,769,0,00010009,00000001,00000000,00000150,00010001
770,770,0,00010009,00000001,00000000,00000150,00010001
771,771,0,00010009,00000001,00000000,00000150,00010001
772,772,0,00010009,00000001,00000000,00000150,00010001
773,773,0,00010009,00000001,00000000,00000150,00010001
774,774,0,00010009,00000001,00000000,00000150,00010001
775,775,0,00010009,00000001,00000000,00000150,00010001
776,776,0,00010009,00000001,00000000,00000150,00010001
777,777,0,00010009,00000001,00000000,00000150,00010001
778,778,0,00010009,00000001,00000000,00000150,00010001
779,779,0,00010009,00000001,00000000,00000150,00010001
780,780,0,00010009,00000001,00000000,00000150,00010001
781,781,0,00010009,00000001,00000000,00000150,00010001
782,782,0,00010009,00000001,00000000,00000150,00010001
783,783,0,00010009,00000001,00000000,00000150,00010001
784,784,0,00010009,00000001,00000000,00000150,00010001
785,785,0,00010009,00000001,00000000,00000150,00010001
786,786,0,00010009,00000001,00000000,00000150,00010001
787,787,0,00010009,00000001,00000000,00000150,00010001
788,788,0,00010009,00000001,00000000,00000150,00010001
789,789,0,00010009,00000001,00000000,00000150,00010001
790,790,0,00010009,00000001,00000000,00000150,00010001
791,791,0,00010009,00000001,00000000,00000150,00010001
792,792,0,00010009,00000001,00000000,00000150,00010001
793,793,0,00010009,00000001,00000000,00000150,00010001
794,794,0,00010009,00000001,00000000,00000150,00010001
795,795,0,00010009,00000001,00000000,00000150,00010001
796,796,0,00010009,00000001,00000000,00000150,00010001
797,797,0,00010009,00000001,00000000,00000150,00010001
798,798,0,00010009,00000001,00000000,00000150,00010001
799,799,0,00010009,00000001,00000000,00000150,00010001
800,800,0,00010009,00000001,00000000,00000150,00010001
801,801,0,00010009,00000001,00000000,00000150,00010001
802,802,0,00010009,00000001,00000000,00000150,00010001
803,803,0,00010009,00000001,00000000,00000150,00010001
804,804,0,00010009,00000001,00000000,00000150,00010001
805,805,0,00010009,00000001,00000000,00000150,00010001
806,806,0,00010009,00000001,00000000,00000150,00010001
807,807,0,00010009,00000001,00000000,00000150,00010001
808,808,0,00010009,00000001,00000000,00000150,00010001
809,809,0,00010009,00000001,00000000,00000150,00010001
810,810,0,00010009,00000001,00000000,00000150,00010001
811,811,0,00010009,00000001,00000000,00000150,00010001
812,812,0,00010009,00000001,00000000,00000150,00010001
813,813,0,00010009,00000001,00000000,00000150,00010001
814,814,0,00010009,00000001,00000000,00000150,00010001
815,815,0,00010009,00000001,00000000,00000150,00010001
816,816,0,00010009,00000001,00000000,00000150,00010001
817,817,0,00010009,00000001,00000000,00000150,00010001
818,818,0,00010009,00000001,00000000,00000150,00010001
819,819,0,00010009,00000001,00000000,00000150,00010001
820,820,0,00010009,00000001,00000000,00000150,00010001
821,821,0,00010009,00000001,00000000,00000150,00010001
822,822,0,00010009,00000001,00000000,00000150,00010001
823,823,0,00010009,00000001,00000000,00000150,00010001
824,824,0,00010009,00000001,00000000,00000150,00010001
825,825,0,00010009,00000001,00000000,00000150,00010001
826,826,0,00010009,00000001,00000000,00000150,00010001
827,827,0,00010009,00000001,00000000,00000150,00010001
828,828,0,00010009,00000001,00000000,00000150,00010001
829,829,0,00010009,00000001,00000000,00000150,00010001
830,830,0,00010009,00000001,00000000,00000150,00010001
831,831,0,00010009,00000001,00000000,00000150,00010001
832,832,0,00010009,00000001,00000000,00000150,00010001
833,833,0,00010009,00000001,00000000,00000150,00010001
834,834,0,00010009,00000001,00000000,00000150,00010001
835,835,0,00010009,00000001,00000000,00000150,00010001
836,836,0,00010009,00000001,00000000,00000150,00010001
837,837,0,00010009,00000001,00000000,00000150,00010001
838,838,0,00010009,00000001,00000000,00000150,00010001
839,839,0,00010009,00000001,00000000,00000150,00010001
840,840,0,00010009,00000001,00000000,00000150,00010001
841,841,0,00010009,00000001,00000000,00000150,00010001
842,842,0,00010009,00000001,00000000,00000150,00010001
843,843,0,00010009,00000001,00000000,00000150,00010001
844,844,0,00010009,00000001,00000000,00000150,00010001
845,845,0,00010009,00000001,00000000,00000150,00010001
846,846,0,00010009,00000001,00000000,00000150,00010001
847,847,0,00010009,00000001,00000000,00000150,00010001
848,848,0,00010009,00000001,00000000,00000150,00010001
849,849,0,00010009,00000001,00000000,00000150,00010001
850,850,0,00010009,00000001,00000000,00000150,00010001
851,851,0,00010009,00000001,00000000,00000150,00010001
852,852,0,00010009,00000001,00000000,00000150,00010001
853,853,0,00010009,00000001,00000000,00000150,00010001
854,854,0,00010009,00000001,00000000,00000150,00010001
855,855,0,00010009,00000001,00000000,00000150,00010001
856,856,0,00010009,00000001,00000000,00000150,00010001
857,857,0,00010009,00000001,00000000,00000150,00010001
858,858,0,00010009,00000001,00000000,00000150,00010001
859,859,0,00010009,00000001,00000000,00000150,00010001
860,860,0,00010009,00000001,00000000,00000150,00010001
861,861,0,00010009,00000001,00000000,00000150,00010001
862,862,0,00010009,00000001,00000000,00000150,00010001
863,863,0,00010009,00000001,00000000,00000150,00010001
864,864,0,00010009,00000001,00000000,00000150,00010001
865,865,0,00010009,00000001,00000000,00000150,00010001
866,866,0,00010009,00000001,00000000,00000150,00010001
867,867,0,00010009,00000001,00000000,00000150,00010001
868,868,0,00010009,00000001,00000000,00000150,00010001
869,869,0,00010009,00000001,00000000,00000150,00010001
870,870,0,00010009,00000001,00000000,00000150,00010001
871,871,0,00010009,00000001,00000000,00000150,00010001
872,872,0,00010009,00000001,00000000,00000150,00010001
873,873,0,00010009,00000001,00000000,00000150,00010001
874,874,0,00010009,00000001,00000000,00000150,00010001
875,875,0,00010009,00000001,00000000,00000150,00010001
876,876,0,00010009,00000001,00000000,00000150,00010001
877,877,0,00010009,00000001,00000000,00000150,00010001
878,878,0,00010009,00000001,00000000,00000150,00010001
879,879,0,00010009,00000001,00000000,00000150,00010001
880,880,0,00010009,00000001,00000000,00000150,00010001
881,881,0,00010009,00000001,00000000,00000150,00010001
882,882,0,00010009,00000001,00000000,00000150,00010001
883,883,0,00010009,00000001,00000000,00000150,00010001
884,884,0,00010009,00000001,00000000,00000150,00010001
885,885,0,00010009,00000001,00000000,00000150,00010001
886,886,0,00010009,00000001,00000000,00000150,00010001
887,887,0,00010009,00000001,00000000,00000150,00010001
888,888,0,00010009,00000001,00000000,00000150,00010001
889,889,0,00010009,00000001,00000000,00000150,00010001
890,890,0,00010009,00000001,00000000,00000150,00010001
891,891,0,00010009,00000001,00000000,00000150,00010001
892,892,0,00010009,00000001,00000000,00000150,00010001
893,893,0,00010009,00000001,00000000,00000150,00010001
894,894,0,00010009,00000001,00000000,00000150,00010001
895,895,0,00010009,00000001,00000000,00000150,00010001
896,896,0,00010009,00000001,00000000,00000150,00010001
897,897,0,00010009,00000001,00000000,00000150,00010001
898,898,0,00010009,00000001,00000000,00000150,00010001
899,899,0,00010009,00000001,00000000,00000150,00010001
900,900,0,00010009,00000001,00000000,00000150,00010001
901,901,0,00010009,00000001,00000000,00000150,00010001
902,902,0,00010009,00000001,00000000,00000150,00010001
903,903,0,00010009,00000001,00000000,00000150,00010001
904,904,0,00010009,00000001,00000000,00000150,00010001
905,905,0,00010009,00000001,00000000,00000150,00010001
906,906,0,00010009,00000001,00000000,00000150,00010001
907,907,0,00010009,00000001,00000000,00000150,00010001
908,908,0,00010009,00000001,00000000,00000150,00010001
909,909,0,00010009,00000001,00000000,00000150,00010001
910,910,0,00010009,00000001,00000000,00000150,00010001
911,911,0,00010009,00000001,00000000,00000150,00010001
912,912,0,00010009,00000001,00000000,00000150,00010001
913,913,0,00010009,00000001,00000000,00000150,00010001
914,914,0,00010009,00000001,00000000,00000150,00010001
915,915,0,00010009,00000001,00000000,00000150,00010001
916,916,0,00010009,00000001,00000000,00000150,00010001
917,917,0,00010009,00000001,00000000,00000150,00010001
918,918,0,00010009,00000001,00000000,00000150,00010001
919,919,0,00010009,00000001,00000000,00000150,00010001
920,920,0,00010009,00000001,00000000,00000150,00010001
921,921,0,00010009,00000001,00000000,00000150,00010001
922,922,0,00010009,00000001,00000000,00000150,00010001
923,923,0,00010009,00000001,00000000,00000150,00010001
924,924,0,00010009,00000001,00000000,00000150,00010001
925,925,0,00010009,00000001,00000000,00000150,00010001
926,926,0,00010009,00000001,00000000,00000150,00010001
927,927,0,00010009,00000001,00000000,00000150,00010001
928,928,0,00010009,00000001,00000000,00000150,00010001
929,929,0,00010009,00000001,00000000,00000150,00010001
930,930,0,00010009,00000001,00000000,00000150,00010001
931,931,0,00010009,00000001,00000000,00000150,00010001
932,932,0,00010009,00000001,00000000,00000150,00010001
933,933,0,00010009,00000001,00000000,00000150,00010001
934,934,0,00010009,00000001,00000000,00000150,00010001
935,935,0,00010009,00000001,00000000,00000150,00010001
936,936,0,00010009,00000001,00000000,00000150,00010001
937,937,0,00010009,00000001,00000000,00000150,00010001
938,938,0,00010009,00000001,00000000,00000150,00010001
939,939,0,00010009,00000001,00000000,00000150,00010001
940,940,0,00010009,00000001,00000000,00000150,00010001
941,941,0,00010009,00000001,00000000,00000150,00010001
942,942,0,00010009,00000001,00000000,00000150,00010001
943,943,0,00010009,00000001,00000000,00000150,00010001
944,944,0,00010009,00000001,00000000,00000150,00010001
945,945,0,00010009,00000001,00000000,00000150,00010001
946,946,0,00010009,00000001,00000000,00000150,00010001
947,947,0,00010009,00000001,00000000,00000150,00010001
948,948,0,00010009,00000001,00000000,00000150,00010001
949,949,0,00010009,00000001,00000000,00000150,00010001
950,950,0,00010009,00000001,00000000,00000150,00010001
951,951,0,00010009,00000001,00000000,00000150,00010001
952,952,0,00010009,00000001,00000000,00000150,00010001
953,953,0,00010009,00000001,00000000,00000150,00010001
954,954,0,00010009,00000001,00000000,00000150,00010001
955,955,0,00010009,00000001,00000000,00000150,00010001
956,956,0,00010009,00000001,00000000,00000150,00010001
957,957,0,00010009,00000001,00000000,00000150,00010001
958,958,0,00010009,00000001,00000000,00000150,00010001
959,959,0,00010009,00000001,00000000,00000150,00010001
960,960,0,00010009,00000001,00000000,00000150,00010001
961,961,0,00010009,00000001,00000000,00000150,00010001
962,962,0,00010009,00000001,00000000,00000150,00010001
963,963,0,00010009,00000001,00000000,00000150,00010001
964,964,0,00010009,00000001,00000000,00000150,00010001
965,965,0,00010009,00000001,00000000,00000150,00010001
966,966,0,00010009,00000001,00000000,00000150,00010001
967,967,0,00010009,00000001,00000000,00000150,00010001
968,968,0,00010009,00000001,00000000,00000150,00010001
969,969,0,00010009,00000001,00000000,00000150,00010001
970,970,0,00010009,00000001,00000000,00000150,00010001
971,971,0,00010009,00000001,00000000,00000150,00010001
972,972,0,00010009,00000001,00000000,00000150,00010001
973,973,0,00010009,00000001,00000000,00000150,00010001
974,974,0,00010009,00000001,00000000,00000150,00010001
975,975,0,00010009,00000001,00000000,00000150,00010001
976,976,0,00010009,00000001,00000000,00000150,00010001
977,977,0,00010009,00000001,00000000,00000150,00010001
978,978,0,00010009,00000001,00000000,00000150,00010001
979,979,0,00010009,00000001,00000000,00000150,00010001
980,980,0,00010009,00000001,00000000,00000150,00010001
981,981,0,00010009,00000001,00000000,00000150,00010001
982,982,0,00010009,00000001,00000000,00000150,00010001
983,983,0,00010009,00000001,00000000,00000150,00010001
984,984,0,00010009,00000001,00000000,00000150,00010001
985,985,0,00010009,00000001,00000000,00000150,00010001
986,986,0,00010009,00000001,00000000,00000150,00010001
987,987,0,00010009,00000001,00000000,00000150,00010001
988,988,0,00010009,00000001,00000000,00000150,00010001
989,989,0,00010009,00000001,00000000,00000150,00010001
990,990,0,00010009,00000001,00000000,00000150,00010001
991,991,0,00010009,00000001,00000000,00000150,00010001
992,992,0,00010009,00000001,00000000,00000150,00010001
993,993,0,00010009,00000001,00000000,00000150,00010001
994,994,0,00010009,00000001,00000000,00000150,00010001
995,995,0,00010009,00000001,00000000,00000150,00010001
996,996,0,00010009,00000001,00000000,00000150,00010001
997,997,0,00010009,00000001,00000000,00000150,00010001
998,998,0,00010009,00000001,00000000,00000150,00010001
999,999,0,00010009,00000001,00000000,00000150,00010001
1000,1000,0,00010009,00000001,00000000,00000150,00010001
1001,1001,0,00010009,00000001,00000000,00000150,00010001
1002,1002,0,00010009,00000001,00000000,00000150,00010001
1003,1003,0,00010009,00000001,00000000,00000150,00010001
1004,1004,0,00010009,00000001,00000000,00000150,00010001
1005,1005,0,00010009,00000001,00000000,00000150,00010001
1006,1006,0,00010009,00000001,00000000,00000150,00010001
1007,1007,0,00010009,00000001,00000000,00000150,00010001
1008,1008,0,00010009,00000001,00000000,00000150,00010001
1009,1009,0,00010009,00000001,00000000,00000150,00010001
1010,1010,0,00010009,00000001,00000000,00000150,00010001
1011,1011,0,00010009,00000001,00000000,00000150,00010001
1012,1012,0,00010009,00000001,00000000,00000150,00010001
1013,1013,0,00010009,00000001,00000000,00000150,00010001
1014,1014,0,00010009,00000001,00000000,00000150,00010001
1015,1015,0,00010009,00000001,00000000,00000150,00010001
1016,1016,0,00010009,00000001,00000000,00000150,00010001
1017,1017,0,00010009,00000001,00000000,00000150,00010001
1018,1018,0,00010009,00000001,00000000,00000150,00010001
1019,1019,0,00010009,00000001,00000000,00000150,00010001
1020,1020,0,00010009,00000001,00000000,00000150,00010001
1021,1021,0,00010009,00000001,00000000,00000150,00010001
1022,1022,0,00010009,00000001,00000000,00000150,00010001
1023,1023,0,00010009,00000001,00000000,00000150,00010001
